{"cameraMode":{"drawMode":0,"name":"Shaded","section":"Shading Mode"},"sceneLighting":false,"audioPlay":false,"sceneViewState":{"m_AlwaysRefresh":false,"showFog":true,"showSkybox":false,"showFlares":true,"showImageEffects":true,"showParticleSystems":true,"showVisualEffectGraphs":true,"m_FxEnabled":true},"in2DMode":false,"pivot":{"x":0.7481317520141602,"y":0.6587276458740234,"z":0.22931790351867677},"rotation":{"x":0.2651320695877075,"y":-0.6503125429153442,"z":0.2602006494998932,"w":0.6626549363136292},"size":0.8660253882408142,"orthographic":true}