{"cameraMode":{"drawMode":0,"name":"Shaded","section":"Shading Mode"},"sceneLighting":false,"audioPlay":false,"sceneViewState":{"m_AlwaysRefresh":false,"showFog":true,"showSkybox":false,"showFlares":true,"showImageEffects":true,"showParticleSystems":true,"showVisualEffectGraphs":true,"m_FxEnabled":true},"in2DMode":false,"pivot":{"x":0.08049830794334412,"y":-0.3354310989379883,"z":-0.6661050319671631},"rotation":{"x":-0.004463380668312311,"y":-0.9281540513038635,"z":0.3721254765987396,"w":-0.011217889375984669},"size":0.8039757609367371,"orthographic":false}